1,ACNS/23/NR/0001,56,C,73,A,46,D,62,B,50,C,51,C,45,D,52,C,60,B,52,C,62,B,50,C
2,ACNS/23/NR/0002,57,C,71,A,53,C,71,A,50,C,50,C,54,C,61,B,56,C,64,B,60,B,70,A
3,ACNS/23/NR/0003,78,A,87,A,72,A,84,A,71,A,61,B,76,A,63,B,70,A,79,A,70,A,75,A
4,ACNS/23/NR/0004,71,A,88,A,75,A,84,A,68,B,61,B,66,B,63,B,74,A,73,A,67,B,74,A
5,ACNS/23/NR/0005,50,C,60,B,45,D,64,B,57,C,31,F,60,B,55,C,53,C,45,D,63,B,66,B
6,ACNS/23/NR/0006,53,C,55,C,45,D,70,A,51,C,50,C,50,C,47,D,51,C,57,C,51,C,56,C
7,ACNS/23/NR/0007,52,C,52,C,60,B,82,A,58,C,50,C,52,C,51,C,60,B,65,B,62,B,51,C
8,ACNS/23/NR/0008,50,C,54,C,45,D,52,C,50,C,34,F,40,F,45,D,53,C,45,D,53,C,45,D
9,ACNS/23/NR/0009,71,A,74,A,72,A,92,A,79,A,62,B,72,A,85,A,73,A,90,A,87,A,83,A
10,ACNS/23/NR/0010,73,A,67,B,55,C,71,A,65,B,52,C,66,B,61,B,65,B,81,A,61,B,74,A
11,ACNS/23/NR/0011,43,F,56,C,54,C,65,B,51,C,35,F,46,D,45,D,50,C,41,F,45,D,52,C
12,ACNS/23/NR/0012,51,C,61,B,45,D,65,B,50,C,33,F,45,D,47,D,53,C,45,D,56,C,54,C
13,ACNS/23/NR/0013,61,B,77,A,63,B,81,A,68,B,52,C,56,C,60,B,65,B,74,A,64,B,55,C
14,ACNS/23/NR/0014,76,A,78,A,53,C,73,A,62,B,57,C,61,B,74,A,68,B,68,B,71,A,74,A
15,ACNS/23/NR/0015,71,A,64,B,51,C,76,A,70,A,54,C,48,D,62,B,67,B,68,B,63,B,63,B
16,ACNS/23/NR/0016,52,C,65,B,48,D,58,C,51,C,33,F,54,C,45,D,57,C,54,C,60,B,56,C
17,ACNS/23/NR/0017,56,C,55,C,53,C,71,A,51,C,52,C,46,D,63,B,57,C,74,A,63,B,60,B
18,ACNS/23/NR/0018,60,B,65,B,70,A,66,B,70,A,60,B,70,A,50,C,71,A,80,A,61,B,60,B
19,ACNS/23/NR/0019,60,B,58,C,60,B,78,A,64,B,51,C,63,B,60,B,74,A,73,A,78,A,75,A
20,ACNS/23/NR/0020,73,A,83,A,63,B,83,A,68,B,61,B,72,A,75,A,70,A,87,A,76,A,88,A
21,ACNS/23/NR/0021,70,A,66,B,60,B,79,A,60,B,55,C,62,B,70,A,70,A,77,A,65,B,76,A
22,ACNS/23/NR/0022,44,F,66,B,51,C,56,C,50,C,35,F,35,F,40,F,44,F,45,D,48,D,45,D
23,ACNS/23/NR/0023,77,A,79,A,62,B,75,A,61,B,50,C,67,B,70,A,65,B,77,A,70,A,74,A
24,ACNS/23/NR/0024,50,C,69,B,32,F,70,A,51,C,38,F,47,D,37,F,50,C,45,D,50,C,45,D
25,ACNS/23/NR/0025,52,C,52,C,34,F,70,A,50,C,50,C,43,F,36,F,50,C,42,F,52,C,51,C
26,ACNS/23/NR/0026,62,B,73,A,55,C,77,A,65,B,60,B,62,B,72,A,52,C,78,A,70,A,63,B
27,ACNS/23/NR/0027,53,C,86,A,60,B,77,A,71,A,62,B,47,D,70,A,58,C,76,A,60,B,68,B
28,ACNS/23/NR/0028,73,A,90,A,60,B,86,A,75,A,63,B,67,B,60,B,73,A,83,A,73,A,75,A
29,ACNS/23/NR/0029,74,A,79,A,45,D,76,A,69,B,54,C,79,A,63,B,72,A,78,A,63,B,72,A
30,ACNS/23/NR/0030,80,A,80,A,70,A,84,A,71,A,60,B,70,A,61,B,71,A,79,A,74,A,79,A
31,ACNS/23/NR/0031,65,B,84,A,62,B,78,A,67,B,54,C,61,B,65,B,68,B,74,A,72,A,64,B
32,ACNS/23/NR/0032,52,C,65,B,45,D,68,B,51,C,50,C,48,D,47,D,52,C,52,C,51,C,40,F
33,ACNS/23/NR/0033,51,C,62,B,33,F,60,B,50,C,53,C,46,D,37,F,53,C,48,D,47,D,58,C
34,ACNS/23/NR/0034,50,C,67,B,45,D,60,B,51,C,52,C,48,D,37,F,51,C,47,D,53,C,64,B
35,ACNS/23/NR/0035,73,A,67,B,52,C,78,A,65,B,50,C,75,A,63,B,67,B,85,A,72,A,82,A
36,ACNS/23/NR/0036,62,B,78,A,45,D,76,A,62,B,64,B,64,B,53,C,64,B,75,A,60,B,63,B
37,ACNS/23/NR/0037,67,B,86,A,57,C,84,A,63,B,67,B,75,A,72,A,75,A,73,A,70,A,78,A
38,ACNS/23/NR/0038,71,A,82,A,64,B,73,A,76,A,70,A,67,B,67,B,75,A,87,A,65,B,79,A
39,ACNS/23/NR/0039,65,B,82,A,50,C,73,A,55,C,63,B,71,A,62,B,62,B,68,B,73,A,67,B
40,ACNS/23/NR/0040,70,A,87,A,50,C,76,A,65,B,52,C,60,B,62,B,70,A,66,B,57,C,67,B
41,ACNS/23/NR/0041,50,C,56,C,25,F,59,C,41,F,34,F,33,F,34,F,35,F,43,F,45,D,41,F
42,ACNS/23/NR/0042,43,F,74,A,28,F,68,B,50,C,30,F,32,F,36,F,42,F,34,F,45,D,45,D
43,ACNS/23/NR/0043,61,B,79,A,45,D,69,B,70,A,53,C,47,D,51,C,64,B,58,C,54,C,53,C
44,ACNS/23/NR/0044,52,C,66,B,45,D,74,A,56,C,50,C,45,D,46,D,52,C,64,B,45,D,46,D
45,ACNS/23/NR/0045,51,C,74,A,37,F,65,B,42,F,51,C,50,C,47,D,53,C,55,C,50,C,48,D
46,ACNS/23/NR/0046,64,B,68,B,45,D,75,A,50,C,33,F,50,C,47,D,55,C,55,C,61,B,58,C
47,ACNS/23/NR/0047,63,B,73,A,45,D,75,A,57,C,51,C,65,B,65,B,58,C,72,A,61,B,53,C
48,ACNS/23/NR/0048,50,C,55,C,50,C,80,A,56,C,53,C,63,B,70,A,61,B,67,B,70,A,64,B
49,ACNS/23/NR/0049,71,A,75,A,54,C,84,A,60,B,58,C,63,B,63,B,62,B,75,A,70,A,86,A
50,ACNS/23/NR/0050,70,A,83,A,45,D,73,A,66,B,53,C,63,B,62,B,70,A,74,A,70,A,62,B
51,ACNS/23/NR/0051,77,A,79,A,61,B,78,A,61,B,56,C,85,A,65,B,62,B,86,A,71,A,61,B
52,ACNS/23/NR/0052,50,C,67,B,45,D,70,A,50,C,36,F,40,F,37,F,51,C,52,C,50,C,51,C
53,ACNS/23/NR/0053,55,C,80,A,46,D,72,A,50,C,36,F,40,F,50,C,55,C,68,B,54,C,52,C
54,ACNS/23/NR/0054,45,F,60,B,45,D,50,C,40,F,33,F,45,D,36,F,51,C,51,C,41,F,38,F
55,ACNS/23/NR/0055,74,A,88,A,70,A,88,A,71,A,71,A,78,A,72,A,79,A,81,A,80,A,67,B
56,ACNS/23/NR/0056,65,B,76,A,56,C,79,A,62,B,50,C,66,B,54,C,68,B,78,A,70,A,66,B
57,ACNS/23/NR/0057,52,C,80,A,45,D,86,A,66,B,53,C,47,D,61,B,61,B,77,A,56,C,62,B
58,ACNS/23/NR/0058,60,B,86,A,31,F,70,A,53,C,34,F,55,C,46,D,64,B,72,A,53,C,45,D
59,ACNS/23/NR/0059,70,A,70,A,47,D,64,B,50,C,51,C,57,C,61,B,63,B,67,B,61,B,63,B
